{
  "train_loss": [
    -0.07357793719404274,
    -1.7406103293100992,
    6.524202165338728,
    1.3323425642318196,
    -1.9528054806921218,
    -2.157059223122067,
    -2.273037702507443,
    -2.3176680948999193,
    -2.3338329335053762,
    -2.291688507795334,
    -2.0126757343610127,
    -2.324536151190599,
    -1.2989915798935625,
    -1.2338644919296107,
    -2.1120956531829305,
    -3.3372139983707005,
    -3.407452956835429,
    -3.422791271739536,
    -3.1004289699925316,
    0.11070451902018653,
    5.033323476711909,
    -1.6059706209111027,
    -1.6715329135457675,
    -2.8308486342430115,
    -2.270931736462646,
    -3.6335609330071343,
    -3.71277494430542,
    -3.724151055018107,
    -3.688838087187873,
    -3.007272773153252,
    -2.441598701559835,
    -2.8392616364690992,
    -2.4881626635789873,
    -2.7547597668237156,
    -1.9037592880130332,
    -1.4637161411345005,
    -2.9377837061882017,
    -1.7510618224740029,
    -2.988608081680205,
    -3.2630687183803984,
    -3.0168150373631053,
    -3.347875894440545,
    -3.2659629619783823,
    -3.493320135275523,
    -3.3154879020320043,
    -3.19271444392701,
    -0.2814691243072351,
    0.7673796146280236,
    -0.8330343197099864,
    -2.6953533632887736,
    -3.398194440205892,
    -3.56501534514957,
    -3.578306892183092,
    -3.563236043188307,
    -3.6390846225950453,
    -3.6179847637812297,
    -3.62218672964308,
    -3.5740569684240553,
    -3.210924101672653,
    -3.367747810814116,
    -3.785647217432658,
    -3.7843145608901976,
    -3.809956571790907,
    -3.7976992607116697,
    -3.704079262415568,
    -3.690623382727305,
    -3.741212236881256,
    -3.7309914893574185,
    -3.706777074601915,
    -3.5497603072060477,
    -3.5837158905135262,
    -3.7022825482818815,
    -3.791314007176293,
    -3.990268680784437,
    -3.916462196244134,
    -3.919523270924886,
    -3.903872100512187,
    -3.8912329819467333,
    -3.836665670077006
  ],
  "val_loss": [
    -1.241123989224434,
    -2.148676648736,
    -2.3970767855644226,
    -2.190019801259041,
    -2.108728103339672,
    -2.2830865383148193,
    -2.4122889786958694,
    -2.343566507101059,
    -2.3702436983585358,
    -1.5221092998981476,
    -2.5602859407663345,
    -3.0638508796691895,
    -1.7911922484636307,
    -2.594593197107315,
    -3.1592248678207397,
    -3.7028335630893707,
    -3.6195981800556183,
    -3.971120208501816,
    -4.3497171103954315,
    -0.7747163660824299,
    0.7764261691481806,
    -1.7645661234855652,
    -3.062551110982895,
    -1.0854388400912285,
    -3.200516313314438,
    -3.960478663444519,
    -4.025014817714691,
    -3.224556624889374,
    0.13655862864106894,
    0.6301493234932423,
    -2.70084547996521,
    -2.7194671034812927,
    -3.3131119161844254,
    -3.2793811708688736,
    -3.63997383415699,
    -0.9643355030566454,
    -2.860752835869789,
    -4.453709244728088,
    -3.3439114838838577,
    -1.9020712822675705,
    -3.060250625014305,
    -3.199027180671692,
    -4.160893201828003,
    -3.195774182677269,
    -3.2086659967899323,
    -3.0770291090011597,
    3.1018510460853577,
    -3.37564617395401,
    -5.234212785959244,
    -2.5591985434293747,
    -4.274374634027481,
    -4.394015550613403,
    -4.440063059329987,
    -4.596929341554642,
    -4.306395381689072,
    -4.6021256148815155,
    -4.632945954799652,
    -4.834567040205002,
    -1.4010033831000328,
    -4.354255735874176,
    -4.4548889100551605,
    -4.565232932567596,
    -4.564051032066345,
    -4.681181967258453,
    -4.912060171365738,
    -4.552670180797577,
    -4.933442384004593,
    -4.969832003116608,
    -4.965751647949219,
    -5.096134781837463,
    -5.18640860915184,
    -3.2337497770786285,
    -4.840892344713211,
    -4.8092599511146545,
    -5.03263521194458,
    -4.906287342309952,
    -4.920496344566345,
    -5.071195602416992,
    -5.195960909128189
  ],
  "val_loc_mae": [
    "85.68627",
    "39.508778",
    "30.110216",
    "48.614132",
    "57.39351",
    "50.314438",
    "45.966805",
    "48.078674",
    "46.052307",
    "46.047417",
    "38.047474",
    "24.566853",
    "79.21115",
    "39.4246",
    "8.08255",
    "12.156141",
    "14.147938",
    "6.578018",
    "0.75660455",
    "39.49281",
    "19.524805",
    "35.44439",
    "17.45583",
    "45.904522",
    "17.16297",
    "8.319669",
    "6.9790807",
    "17.091627",
    "44.795048",
    "44.945423",
    "33.674934",
    "31.937801",
    "15.346819",
    "19.36718",
    "10.731088",
    "22.602379",
    "15.350985",
    "3.6675446",
    "17.231335",
    "20.361881",
    "17.84482",
    "16.6009",
    "5.6898313",
    "17.093592",
    "16.662476",
    "16.503574",
    "46.145245",
    "8.189813",
    "2.160539",
    "13.887617",
    "4.0152855",
    "3.9595845",
    "3.2155192",
    "3.5064325",
    "4.9084787",
    "3.2024329",
    "2.781322",
    "2.9719126",
    "15.918492",
    "4.973838",
    "4.16307",
    "3.5755246",
    "3.2784336",
    "2.9655712",
    "2.4371781",
    "4.152382",
    "2.4291482",
    "2.2910306",
    "1.8038112",
    "2.1019578",
    "1.4090153",
    "9.179532",
    "2.7639287",
    "2.522177",
    "2.07942",
    "2.5430257",
    "1.8873396",
    "2.082226",
    "0.82188153"
  ],
  "val_sev_acc": [
    70.3187250996016,
    71.91235059760956,
    84.26294820717132,
    87.45019920318725,
    94.82071713147411,
    96.41434262948208,
    99.00398406374502,
    99.20318725099602,
    99.20318725099602,
    98.80478087649402,
    99.40239043824701,
    99.20318725099602,
    99.00398406374502,
    97.60956175298804,
    99.00398406374502,
    99.40239043824701,
    99.60159362549801,
    99.40239043824701,
    99.40239043824701,
    99.20318725099602,
    60.1593625498008,
    95.4183266932271,
    98.80478087649402,
    99.40239043824701,
    98.80478087649402,
    99.40239043824701,
    99.40239043824701,
    99.40239043824701,
    99.40239043824701,
    99.40239043824701,
    99.40239043824701,
    98.60557768924303,
    99.20318725099602,
    99.40239043824701,
    95.0199203187251,
    73.70517928286853,
    83.86454183266933,
    91.83266932270917,
    98.80478087649402,
    99.20318725099602,
    99.40239043824701,
    99.20318725099602,
    99.20318725099602,
    99.20318725099602,
    99.40239043824701,
    99.60159362549801,
    98.60557768924303,
    99.20318725099602,
    99.40239043824701,
    99.40239043824701,
    99.40239043824701,
    99.20318725099602,
    99.40239043824701,
    99.20318725099602,
    99.20318725099602,
    99.20318725099602,
    99.20318725099602,
    99.20318725099602,
    99.00398406374502,
    99.40239043824701,
    99.40239043824701,
    99.60159362549801,
    99.40239043824701,
    99.40239043824701,
    99.20318725099602,
    99.40239043824701,
    99.20318725099602,
    99.40239043824701,
    99.20318725099602,
    99.20318725099602,
    99.60159362549801,
    99.40239043824701,
    99.60159362549801,
    99.40239043824701,
    99.20318725099602,
    99.40239043824701,
    99.40239043824701,
    99.40239043824701,
    99.40239043824701
  ],